,BPM,Activity Index,Bends per 3.03 s,Speed,Max speed,Dist per bend,Area,Appears in frames,Moving (non-paralyzed),Region,Round ratio,Eccentricity
1,23.294117647058822,0.02376,1.1764705882352942,0.14941939747785246,0.22354889322252788,0.12573206121075722,0.12240000000000001,76.0,True,['all'],0.2441860465116279,0.9391012066883105
9,0.0,0.0,0.0,0.04416084766721351,0.06520306136426007,,0.0688,99.0,False,['all'],1.0,0.7673145406319852
10,20.41237113402062,0.017962886597938148,1.0309278350515463,0.02116979040198643,0.05355389770618404,0.043202600144632224,0.1056,95.0,True,['all'],0.4387755102040817,0.9282151136917394
38,0.0,0.0,0.0,0.0667102324136727,0.0667102324136727,,0.052000000000000005,50.0,False,['all'],0.9,0.7638496942125877
