video_src,CeleST_activity_index_10_normalized,Celest_activity_index_median,Celest_activity_index_median_normalized,WF_NTP_activity_index_normalized
sample05,-1.30947885393232,140.453948,-0.735046359658527,-1.28607487396111
sample05,0.366508953118392,170.811533,0.207815446789699,-0.248306412784322
sample05,1.06576611343826,206.966828,1.33074557302894,0.99869915010498
sample05,-0.12279621262433,138.249455,-0.803514660160113,0.535682136640454
sample01,-0.636284514236627,55.244184,-0.703842871953718,-0.428269899834041
sample01,-0.230149081290255,78.927102,-0.0532987065501446,1.11493457446069
sample01,1.71021625284489,132.961965,1.43098058931329,-0.566481289642593
sample01,-0.060401910118327,56.336468,-0.673839010809424,-1.11966300038972
