,BPM,Activity Index,Bends per 3.03 s,Speed,Max speed,Dist per bend,Area,Appears in frames,Moving (non-paralyzed),Region,Round ratio,Eccentricity
1,0.0,0.0,0.0,0.035551983136684145,0.035551983136684145,,0.12480000000000001,50.0,False,['all'],0.6799999999999999,0.9017556006399596
7,242.44897959183675,0.1616326530612245,12.244897959183673,0.005807510782206227,0.005807510782206227,0.08789839089725465,0.08,50.0,True,['all'],0.42000000000000004,0.9332199581661395
37,32.459016393442624,0.025967213114754098,1.639344262295082,0.6150490303597141,0.6756649796485247,0.0,0.096,53.0,True,['all'],0.0,0.9754275318974297
